Code,Libellé,Nb de ménages,Médiane du niveau de vie ,Salaire net horaire moyen en €,Taux de pauvreté ,Nb de pers. âgées de 25 à 64 ans ,Nb de pers. âgées de 65 ans ou + ,Nb de pers. âgées de - de 25 ans 
1,Ain,277345,23490,15.24,10.7,338963,115450,198019
2,Aisne,230907,19880,13.97,18.4,265222,107544,158580
3,Allier,162717,20570,13.69,15.4,160601,92106,83268
4,Alpes-de-Haute-Provence,78495,20690,14.08,16.6,80741,42948,40619
5,Hautes-Alpes,67005,21020,13.47,13.9,71051,34502,35668
6,Alpes-Maritimes,516674,22300,16.33,15.8,542089,266541,285653
7,Ardèche,149347,21010,14.14,14.3,162263,81367,84648
8,Ardennes,121244,19840,13.94,18.6,137214,57528,75840
9,Ariège,72667,20010,13.46,17.9,75854,39922,37511
10,Aube,142246,20580,13.86,16.3,151474,66541,92227
11,Aude,175600,19550,13.24,20.2,181332,97000,95738
12,Aveyron,131225,20850,13.4,13.8,135364,76066,68165
13,Bouches-du-Rhône,916900,21650,16.39,18.3,1023764,417122,602224
14,Calvados,317127,21730,14.37,12.1,339462,148568,206875
15,Cantal,68977,20690,12.82,13,71585,40225,32881
16,Charente,165063,20940,14.18,14.6,174682,88037,89296
17,Charente-Maritime,311814,21540,14.09,12.5,312417,178409,160532
18,Cher,142513,21090,14.04,14,148217,77319,76770
19,Corrèze,114337,21170,13.66,13,116359,65690,58025
21,Côte-d'Or,251175,22590,15.03,11.2,263688,111526,158910
22,Côtes-d'Armor,278422,21450,13.84,11.6,287193,154907,158482
23,Creuse,57111,19690,12.69,18.1,56296,35110,25211
24,Dordogne,196500,20400,13.21,16,199934,118595,94694
25,Doubs,247404,22750,14.49,12.1,269857,106013,168105
26,Drôme,231521,21260,14.92,14.6,256774,112148,147840
27,Eure,254430,21790,15.18,12.5,304956,114630,179921
28,Eure-et-Loir,185213,22180,15.27,11.9,216672,87412,127491
29,Finistère,433090,21970,14.29,10.4,452625,210260,252205
2A,Corse-du-Sud,70014,21900,14.28,16,82375,37961,38171
2B,Haute-Corse,81397,20150,13.86,19.8,93368,41649,46916
30,Gard,338732,20240,14.63,19.6,368983,171659,207795
31,Haute-Garonne,654629,23380,17.17,13.2,724685,231941,443413
32,Gers,89063,20950,14.12,14.7,93449,52594,45334
33,Gironde,753105,22640,15.93,12.6,827498,311369,484882
34,Hérault,551782,20640,15.02,19,575406,252707,347510
35,Ille-et-Vilaine,484150,22460,15.22,10.3,538230,193521,347747
36,Indre,105404,20370,13.27,14.5,105572,60975,52769
37,Indre-et-Loire,283871,22000,15.18,12.6,299497,131308,179274
38,Isère,553122,23030,16.52,11.5,638409,232425,400331
39,Jura,119974,21880,14.07,11.4,128533,60712,69954
40,Landes,191040,21620,13.85,11.5,207303,103874,102513
41,Loir-et-Cher,150114,21530,14.28,12.5,160535,81639,87296
42,Loire,343335,20930,14.57,15.1,366406,170784,228444
43,Haute-Loire,102943,21000,13.45,11.9,112577,54694,60299
44,Loire-Atlantique,641172,22910,15.78,10.1,722017,259221,448034
45,Loiret,300347,22050,15.27,13.3,337069,135865,207500
46,Lot,84516,20940,13.57,14.8,83943,51507,38644
47,Lot-et-Garonne,153387,20110,13.41,16.8,159660,86754,84856
48,Lozère,35342,20550,12.69,14.7,37905,19359,19340
49,Maine-et-Loire,360982,21300,14.15,11.4,397270,161292,259711
50,Manche,229482,21250,14.14,11.4,243208,121972,129865
51,Marne,261398,21750,15.1,14.5,282612,109704,174540
52,Haute-Marne,80817,20420,13.36,14.8,85754,42547,44211
53,Mayenne,135257,21000,13.76,11.3,148540,67474,91048
54,Meurthe-et-Moselle,336776,21790,14.8,15,367610,141078,225072
55,Meuse,82941,20830,13.71,14.4,92715,41437,49931
56,Morbihan,353880,21830,14.18,11,373357,183883,202444
57,Moselle,463372,21820,14.6,15.6,553139,204225,289178
58,Nièvre,100314,20510,13.47,15.5,97022,59591,47839
59,Nord,1116712,20290,15.31,18.9,1305836,439878,862632
60,Oise,341929,22250,16.13,12.9,428936,139479,261003
61,Orne,129193,20350,13.26,15.1,133734,72177,74031
62,Pas-de-Calais,619227,19560,13.92,18.4,736902,273124,455252
63,Puy-de-Dôme,311902,22100,15.3,13.1,330217,142423,189511
64,Pyrénées-Atlantiques,323663,22110,15.18,12.1,342579,163770,176271
65,Hautes-Pyrénées,109681,20720,13.4,14.7,111820,61243,56504
66,Pyrénées-Orientales,226760,19610,13.48,20.7,229304,124773,125902
67,Bas-Rhin,504685,22860,15.58,13.2,595338,207308,337411
68,Haut-Rhin,335574,23300,15,13,400434,150185,216467
69,Rhône,838931,23190,17.52,14.2,936647,318166,620935
70,Haute-Saône,106544,20840,13.74,12.9,118124,53468,63721
71,Saône-et-Loire,256502,21000,14.17,12.9,268555,141239,141699
72,Sarthe,252699,21210,14.25,13.2,275466,123562,167384
73,Savoie,199957,23210,15.62,10.1,224016,89666,122752
74,Haute-Savoie,366281,26540,15.68,9.4,443607,139155,243332
75,Paris,1137759,28570,26.9,15,1216915,367180,581328
76,Seine-Maritime,570684,21300,15.34,14.8,624143,248627,382863
77,Seine-et-Marne,564817,23590,16.89,11.7,740566,205946,474684
78,Yvelines,590685,26970,22.91,9.9,742990,237197,468020
79,Deux-Sèvres,168390,21080,14.41,12.2,185664,87191,102022
80,Somme,252610,20540,14.3,15.9,282851,112849,174859
81,Tarn,178826,20650,14.18,15.1,189270,98004,102570
82,Tarn-et-Garonne,112575,20380,13.97,16.4,129240,57517,73912
83,Var,501337,21830,14.85,15.3,524404,279956,272351
84,Vaucluse,251069,20140,14.45,19.7,277764,124311,159394
85,Vendée,304996,21550,13.54,9.1,333443,166332,185667
86,Vienne,205392,21140,14.01,14.1,211470,95867,131097
87,Haute-Vienne,182385,21100,14.12,15.5,179857,91735,100767
88,Vosges,169179,20420,13.87,15.2,181535,86825,96139
89,Yonne,152951,20920,13.95,14.5,165190,81206,89311
90,Territoire de Belfort,64621,22050,16.03,14.7,71429,27802,42087
91,Essonne,523349,24010,17.96,13.3,671286,196156,434217
92,Hauts-de-Seine,724639,28310,25.98,11.9,876007,246113,502237
93,Seine-Saint-Denis,638197,18070,14.94,27.9,866206,195768,582929
94,Val-de-Marne,598392,23060,18.87,16.6,745313,208417,453393
95,Val-d'Oise,478885,22220,17.11,17,647146,168435,434092
