code,Département,Inscrits,Abstentions,Abstentions_ins,Votants,Votants_ins,Blancs,Blancs_ins,Blancs_vot,Nuls,Nuls_ins,Nuls_vot,Exprimés,Exprimés_ins,Exprimés_vot,ARTHAUD,ROUSSEL,MACRON,LASSALLE,LE PEN,ZEMMOUR,MÉLENCHON,HIDALGO,JADOT,PÉCRESSE,POUTOU,DUPONT-AIGNAN,ARTHAUD.ins,ROUSSEL.ins,MACRON.ins,LASSALLE.ins,LE PEN.ins,ZEMMOUR.ins,MÉLENCHON.ins,HIDALGO.ins,JADOT.ins,PÉCRESSE.ins,POUTOU.ins,DUPONT-AIGNAN.ins,ARTHAUD_exp,ROUSSEL_exp,MACRON_exp,LASSALLE_exp,LE PEN_exp,ZEMMOUR_exp,MÉLENCHON_exp,HIDALGO_exp,JADOT_exp,PÉCRESSE_exp,POUTOU_exp,DUPONT-AIGNAN_exp,TxChômage_T1_22,TxChômage_T2_22,Nb de ménages,Médiane du niveau de vie,Salaire net horaire moyen en €,Taux de pauvreté,Nb de pers. âgées de 25 à 64 ans,Nb de pers. âgées de 65 ans ou +,Nb de pers. âgées de - de 25 ans
1,Ain,438109,97541,22.264094095305,340568,77.7359059046949,5641,1.28757911843856,1.65635056728759,1903,0.434366789999749,0.558772403749031,333024,76.0139599962566,97.7848770289634,1658,5938,92206,10876,86755,27530,57832,5644,15843,17572,2172,8998,0.3784446336414,1.35537046716685,21.0463606088896,2.48248723491186,19.8021496933412,6.28382434508307,13.2003679449635,1.28826387953683,3.61622335994011,4.01087400624046,0.495767035144222,2.05382678739766,0.5,1.78,27.69,3.27,26.05,8.27,17.37,1.69,4.76,5.28,0.65,2.7,"5,4","5,5",277345,23490,15.24,10.7,338963,115450,198019
2,Aisne,373544,101089,27.0621399353222,272455,72.9378600646778,3767,1.00844880388923,1.38261364261988,2828,0.757072794637312,1.037969572957,265860,71.1723384661512,97.5794167844231,2038,5968,58721,6468,104342,18266,41172,2983,7074,10920,2118,5790,0.545584991326323,1.59766988627846,15.7199687319298,1.7315229263487,27.9329878140192,4.88991925984623,11.0219947315443,0.798567237059088,1.89375281091384,2.92335039513417,0.567001477737562,1.55001820401345,0.77,2.24,22.09,2.43,39.25,6.87,15.49,1.12,2.66,4.11,0.8,2.18,"10,5","10,6",230907,19880,13.97,18.4,265222,107544,158580
3,Allier,249991,58497,23.3996423871259,191494,76.6003576128741,3749,1.49965398754355,1.95776368972396,1790,0.716025776927969,0.934755135931152,185955,74.3846778484025,97.1074811743449,1359,8119,49706,7782,50315,12361,31013,3280,5982,10319,1503,4216,0.543619570304531,3.24771691780904,19.8831157921685,3.11291206483433,20.1267245620842,4.94457800480817,12.4056466032777,1.31204723370041,2.39288614390118,4.12774859894956,0.601221643979183,1.68646071258565,0.73,4.37,26.73,4.18,27.06,6.65,16.68,1.76,3.22,5.55,0.81,2.27,"7,6","7,8",162717,20570,13.69,15.4,160601,92106,83268
4,Alpes-de-Haute-Provence,128075,29290,22.8694124536404,98785,77.1305875463596,1478,1.15401132149131,1.49617856962089,624,0.487214522740582,0.631674849420459,96683,75.4893617021277,97.8721465809587,505,2721,20800,4309,26010,7926,21856,1396,3957,3834,865,2504,0.394300214717939,2.12453640445052,16.2404840913527,3.36443490142495,20.3084130392348,6.18856138981066,17.0650009759906,1.08998633613117,3.08959593987898,2.99355846183877,0.675385516299044,1.95510443099746,0.52,2.81,21.51,4.46,26.9,8.2,22.61,1.44,4.09,3.97,0.89,2.59,"8,2","8,3",78495,20690,14.08,16.6,80741,42948,40619
5,Hautes-Alpes,113519,25357,22.3372298910315,88162,77.6627701089685,1395,1.22886917608506,1.58231437580817,532,0.468644015539249,0.603434586329711,86235,75.9652569173442,97.8142510378621,428,1925,20507,3871,19696,6164,19718,1459,5013,4511,801,2142,0.377029395960148,1.69575137201702,18.0648173433522,3.41000184991059,17.350399492596,5.42992802966904,17.3697795082761,1.28524740351835,4.41600084567341,3.97378412424352,0.705608752719809,1.88690879940803,0.5,2.23,23.78,4.49,22.84,7.15,22.87,1.69,5.81,5.23,0.93,2.48,"7,0","6,8",67005,21020,13.47,13.9,71051,34502,35668
6,Alpes-Maritimes,778582,208250,26.7473432470825,570332,73.2526567529175,7550,0.969711603915837,1.32379035368873,4007,0.514653562502087,0.702573238043806,558775,71.7682915864996,97.9736364082675,1627,8858,139707,12767,148919,78208,92345,5414,23374,31260,2989,13307,0.208969639678287,1.13770932284589,17.9437747083801,1.63977590029053,19.1269513037805,10.0449278303377,11.8606646441865,0.695366705112628,3.002124374825,4.01499135608067,0.383903044252243,1.70913275672954,0.29,1.59,25.0,2.28,26.65,14.0,16.53,0.97,4.18,5.59,0.53,2.38,"7,6","7,4",516674,22300,16.33,15.8,542089,266541,285653
7,Ardèche,255859,54114,21.1499302350122,201745,78.8500697649878,3311,1.29407212566296,1.6411806984064,1459,0.570235950269484,0.723190165803366,196975,76.9857616890553,97.6356291357902,1219,5710,45353,9033,49594,14199,42837,4189,8544,9553,1817,4927,0.476434286071625,2.23169792737406,17.7257786515229,3.53046013624692,19.3833322259526,5.54954095810583,16.7424245385154,1.63722988052013,3.33933924544378,3.73369707534228,0.710156766031291,1.92566999792855,0.62,2.9,23.02,4.59,25.18,7.21,21.75,2.13,4.34,4.85,0.92,2.5,"8,2","8,2",149347,21010,14.14,14.3,162263,81367,84648
8,Ardennes,186197,49368,26.5138536066639,136829,73.4861463933361,1909,1.0252581942781,1.39517207609498,984,0.528472531780856,0.719145795116532,133936,71.9324156672771,97.8856821287885,1081,3009,31656,4084,48242,8771,22281,1741,3446,5556,1112,2957,0.580567893145432,1.61603033346402,17.0013480346085,2.19337583312298,25.90911776237,4.71060221163606,11.9663582120013,0.935031176656982,1.85072799239515,2.98393636846995,0.597216926158853,1.58810292324796,0.81,2.25,23.64,3.05,36.02,6.55,16.64,1.3,2.57,4.15,0.83,2.21,"9,5","9,6",121244,19840,13.94,18.6,137214,57528,75840
9,Ariège,119039,25028,21.0250422130562,94011,78.9749577869438,1532,1.286973176858,1.62959653657551,775,0.651047135812633,0.824371616087479,91704,77.0369374742731,97.546031847337,417,2701,18071,7532,21958,5821,23908,3208,3020,2724,723,1621,0.350305362108217,2.26900427590958,15.1807390855098,6.32733809927839,18.4460554944178,4.88999403556818,20.0841740942044,2.6949151118541,2.53698367761826,2.28832567477885,0.607363973151656,1.36173858987391,0.45,2.95,19.71,8.21,23.94,6.35,26.07,3.5,3.29,2.97,0.79,1.77,"9,4","9,5",72667,20010,13.46,17.9,75854,39922,37511
10,Aube,205551,52384,25.4846729035616,153167,74.5153270964384,2339,1.13791711059542,1.52709134474136,1158,0.563363836712057,0.756037527665881,149670,72.8140461491309,97.7168711275928,1005,3094,38321,3787,49316,11374,22483,1720,4619,8923,1062,3966,0.488929754659428,1.50522254817539,18.6430618192079,1.84236515511965,23.9920992843625,5.53341992984709,10.93791808359,0.836775301506682,2.2471308823601,4.34101512520007,0.516660098953544,1.92944816614855,0.67,2.07,25.6,2.53,32.95,7.6,15.02,1.15,3.09,5.96,0.71,2.65,"9,7","9,7",142246,20580,13.86,16.3,151474,66541,92227
11,Aude,279927,62972,22.4958649933733,216955,77.5041350066267,2962,1.05813301324988,1.36526007697449,1567,0.559788802080542,0.72226959507732,212426,75.8862131912963,97.9124703279482,1026,5622,43104,12382,64027,18434,42039,6166,6322,7350,1748,4206,0.366524129505192,2.00838075641149,15.3983002711421,4.42329607361919,22.8727489666949,6.58528830730869,15.0178439378838,2.20271713696785,2.25844595198034,2.62568455347287,0.624448516934772,1.50253458937509,0.48,2.65,20.29,5.83,30.14,8.68,19.79,2.9,2.98,3.46,0.82,1.98,"10,3","10,2",175600,19550,13.24,20.2,181332,97000,95738
12,Aveyron,219468,43833,19.9723877740718,175635,80.0276122259282,3079,1.40293801374232,1.7530674409998,1654,0.753640621867425,0.941725738036268,170902,77.8710335903184,97.3052068209639,894,4515,47430,14825,34357,10112,32734,4470,6746,9988,1354,3477,0.407348679534146,2.0572475258352,21.6113510853518,6.75497111196165,15.6546740299269,4.60750542220278,14.9151584741283,2.03674339767073,3.07379663550039,4.55100515792735,0.616946434104289,1.58428563617475,0.52,2.64,27.75,8.67,20.1,5.92,19.15,2.62,3.95,5.84,0.79,2.03,"5,6","5,8",131225,20850,13.4,13.8,135364,76066,68165
13,Bouches-du-Rhône,1411184,383816,27.1981541740836,1027368,72.8018458259164,13341,0.945376364811392,1.2985609830168,5407,0.383153437113799,0.526296322252591,1008620,71.4733160239912,98.1751426947306,3578,24295,229038,24256,264753,108617,237971,11760,42109,36229,5963,20051,0.253545958570959,1.72160398643976,16.2302010226873,1.71884034966383,18.7610545471037,7.69687014592002,16.8632155693375,0.833342781664191,2.98394823070556,2.56727683987347,0.42255297679112,1.42086361523373,0.35,2.41,22.71,2.4,26.25,10.77,23.59,1.17,4.17,3.59,0.59,1.99,"8,8","8,8",916900,21650,16.39,18.3,1023764,417122,602224
14,Calvados,512148,117799,23.0009684700516,394349,76.9990315299484,5547,1.08308535813866,1.40662205305453,2571,0.502003327163242,0.651960572994987,386231,75.4139428446465,97.9414173739505,2757,8777,120366,9816,91774,22255,73950,6848,19621,18383,3764,7920,0.538320954099206,1.71376242804814,23.5021907729797,1.91663347313667,17.9194295398986,4.34542358849395,14.4391855479276,1.33711349063161,3.83111912962659,3.58939212883776,0.734943805306279,1.5464279856604,0.71,2.27,31.16,2.54,23.76,5.76,19.15,1.77,5.08,4.76,0.97,2.05,"6,3","6,5",317127,21730,14.37,12.1,339462,148568,206875
15,Cantal,115745,25019,21.6156205451639,90726,78.3843794548361,1803,1.55773467536395,1.98730242708816,821,0.709317897101387,0.904922513943081,88102,76.1173268823707,97.1077750589688,555,2496,25038,6848,21570,4906,12944,1810,2751,6987,650,1547,0.479502354313361,2.15646464210117,21.6320359410774,5.9164542744827,18.6357942027733,4.23862801848892,11.1832044580759,1.56378245280574,2.37677653462353,6.03654585511253,0.561579333880513,1.33655881463562,0.63,2.83,28.42,7.77,24.48,5.57,14.69,2.05,3.12,7.93,0.74,1.76,"3,9","4,0",68977,20690,12.82,13.0,71585,40225,32881
16,Charente,257608,59909,23.2558771466725,197699,76.7441228533275,3293,1.27829881059594,1.66566345808527,1740,0.675444861960809,0.880125847879858,192666,74.7903791807708,97.4542106940349,1319,5374,53126,8482,50432,10617,37305,4003,7557,8343,1763,4345,0.512018260302475,2.08611533803298,20.6228067451321,3.2925996087078,19.5770317691997,4.12137821806776,14.4813049284184,1.55391136921214,2.9335269091022,3.23864165709139,0.684373156113164,1.68667122139064,0.68,2.79,27.57,4.4,26.18,5.51,19.36,2.08,3.92,4.33,0.92,2.26,"6,9","7,0",165063,20940,14.18,14.6,174682,88037,89296
17,Charente-Maritime,519202,116437,22.4261462783271,402765,77.5738537216729,5918,1.13982611777304,1.46934316536938,2780,0.53543707458754,0.690228793465172,394067,75.8985905293123,97.8404280411654,2330,10002,113753,14335,99790,24347,71633,6857,19012,19316,3403,9289,0.448765605679485,1.9264178489297,21.9091991171066,2.76096779288215,19.2198797385218,4.68931167445426,13.7967496273127,1.32068058289452,3.66177325973321,3.7203246520622,0.655428908209136,1.7890917215265,0.59,2.54,28.87,3.64,25.32,6.18,18.18,1.74,4.82,4.9,0.86,2.36,"7,0","7,0",311814,21540,14.09,12.5,312417,178409,160532
18,Cher,224570,59808,26.6322304849267,164762,73.3677695150733,3146,1.40089949681614,1.90942086160644,1083,0.482254976176693,0.65731175877933,160533,71.4846150420804,97.4332673796142,1304,5749,43497,5495,44772,10822,27901,2585,5028,8147,1463,3770,0.580665271407579,2.56000356236363,19.3690163423431,2.44689851716614,19.9367680455983,4.81898739813867,12.4241884490359,1.15108874738389,2.23894554036603,3.62782205993677,0.651467248519393,1.67876385982099,0.81,3.58,27.1,3.42,27.89,6.74,17.38,1.61,3.13,5.07,0.91,2.35,"7,5","7,5",142513,21090,14.04,14.0,148217,77319,76770
19,Corrèze,185032,38430,20.7693804314929,146602,79.2306195685071,2517,1.36030524449825,1.71689335752582,1485,0.802563880842233,1.01294661737221,142600,77.0677504431666,97.270160025102,885,6292,33125,10177,31658,8012,27731,3605,5040,12278,1179,2618,0.478295646158502,3.40049288771672,17.9023087898309,5.50012970729387,17.1094729560292,4.33006182714341,14.9871373600242,1.94831164339141,2.72385317134334,6.63560897574474,0.63718708115353,1.41489039733668,0.62,4.41,23.23,7.14,22.2,5.62,19.45,2.53,3.53,8.61,0.83,1.84,"6,0","6,2",114337,21170,13.66,13.0,116359,65690,58025
21,Côte-d'Or,366859,77886,21.2305000013629,288973,78.7694999986371,4577,1.2476182947672,1.58388499963664,1651,0.450036662586988,0.571333654009198,282745,77.0718450412829,97.8447813463542,1775,5721,80734,8183,69110,21651,53875,5126,13462,14344,2286,6478,0.483837114531741,1.55945472238653,22.0068200589327,2.2305572440638,18.838300273402,5.90172246012773,14.6854786171254,1.39726706990969,3.66952971032468,3.90994905399622,0.623127686658907,1.76580102982345,0.63,2.02,28.55,2.89,24.44,7.66,19.05,1.81,4.76,5.07,0.81,2.29,"5,5","5,7",251175,22590,15.03,11.2,263688,111526,158910
22,Côtes-d'Armor,471752,96597,20.4762247960793,375155,79.5237752039207,5722,1.21292543539826,1.52523623568925,3040,0.644406383014804,0.810331729551785,366393,77.6664433855076,97.664432034759,2603,11628,113656,11949,79850,17319,74226,8279,19349,17235,3895,6404,0.551772965456426,2.46485441503163,24.0923196933982,2.53289864165918,16.9262663433329,3.67120860112941,15.7341145347556,1.75494751479591,4.1015194424189,3.65340263528295,0.825645678237718,1.35749292000882,0.71,3.17,31.02,3.26,21.79,4.73,20.26,2.26,5.28,4.7,1.06,1.75,"6,2","6,3",278422,21450,13.84,11.6,287193,154907,158482
23,Creuse,90946,21967,24.1538935192312,68979,75.8461064807688,1388,1.52618037076947,2.01220661360704,743,0.816968310865789,1.07713941924354,66848,73.5029577991336,96.9106539671494,490,2430,15542,4275,16772,3501,13679,1641,1906,4391,665,1556,0.538781254810547,2.67191520242781,17.0892617597256,4.70059155982671,18.4417126646581,3.84953708794229,15.0407934378642,1.80436742682471,2.0957491258549,4.82813977525125,0.731203131528599,1.7109053724188,0.73,3.64,23.25,6.4,25.09,5.24,20.46,2.45,2.85,6.57,0.99,2.33,"7,0","7,0",57111,19690,12.69,18.1,56296,35110,25211
24,Dordogne,318168,64856,20.3841995423801,253312,79.6158004576199,3636,1.14279248698801,1.43538403233957,3120,0.980614015237233,1.23168266801415,246556,77.4923939553946,97.3329332996463,1294,8855,58532,15850,63327,15800,50054,5362,8563,11280,2223,5416,0.406703376832365,2.78312086696337,18.3965703653416,4.98164491715069,19.9036358150411,4.96592994895778,15.7319403585527,1.68527318900707,2.6913454527168,3.54529682431923,0.698687485856529,1.7022453546554,0.52,3.59,23.74,6.43,25.68,6.41,20.3,2.17,3.47,4.58,0.9,2.2,"7,2","7,3",196500,20400,13.21,16.0,199934,118595,94694
25,Doubs,368379,84117,22.8343635223506,284262,77.1656364776494,4989,1.35431172786722,1.75507102602529,2176,0.590695995157161,0.765490990705757,277097,75.220628754625,97.479437983269,2069,5001,76338,8688,66703,19486,55587,4902,13096,15107,2345,7775,0.56164982260118,1.3575692425464,20.7226796315751,2.35844062772308,18.1071668037537,5.28966091986785,15.0896223726108,1.3306947464432,3.55503435320689,4.10093952152539,0.636572660222217,2.11059805254914,0.75,1.8,27.55,3.14,24.07,7.03,20.06,1.77,4.73,5.45,0.85,2.81,"6,6","6,8",247404,22750,14.49,12.1,269857,106013,168105
26,Drôme,382188,84289,22.0543292829707,297899,77.9456707170293,4577,1.19757815525344,1.53642677551788,1898,0.496614231739353,0.637128691267846,291424,76.2514783300365,97.8264445332143,2041,6752,72228,9945,70574,22010,65258,5311,14234,13204,2109,7758,0.534030372486839,1.76666980648267,18.8985525448209,2.60212251562058,18.4657812385528,5.75894585910599,17.0748427475483,1.38963023433493,3.72434508671125,3.4548442127958,0.551822663191937,2.02989104838456,0.7,2.32,24.78,3.41,24.22,7.55,22.39,1.82,4.88,4.53,0.72,2.66,"7,9","8,0",231521,21260,14.92,14.6,256774,112148,147840
27,Eure,432198,106463,24.6329228733127,325735,75.3670771266873,5085,1.17654408396152,1.5610849310022,1789,0.413930652154799,0.549219457534499,318861,73.776602390571,97.8896956114633,2197,7056,83058,7768,102952,20930,55571,4027,11477,13552,2710,7563,0.50833182939301,1.63258506517846,19.217580831008,1.79732437447651,23.8205637231084,4.84268784214642,12.8577642654524,0.931748874358512,2.65549586069348,3.13559988708879,0.627027427243995,1.749892410423,0.69,2.21,26.05,2.44,32.29,6.56,17.43,1.26,3.6,4.25,0.85,2.37,"7,0","7,3",254430,21790,15.18,12.5,304956,114630,179921
28,Eure-et-Loir,303888,78960,25.9832569894172,224928,74.0167430105828,3489,1.14812036013268,1.5511630388391,1418,0.466619280787659,0.630423957888747,220021,72.4020033696625,97.8184130032722,1419,4267,59869,5694,61960,14803,40529,3076,7904,13003,1766,5731,0.466948349391881,1.40413573421787,19.7010082662033,1.87371663244353,20.3890907176328,4.87120254830727,13.3368214605381,1.01221502658874,2.6009582477755,4.27887906070658,0.581135155057126,1.88589217079977,0.64,1.94,27.21,2.59,28.16,6.73,18.42,1.4,3.59,5.91,0.8,2.6,"6,7","6,9",185213,22180,15.27,11.9,216672,87412,127491
29,Finistère,709701,154870,21.8218658280036,554831,78.1781341719964,8692,1.22474112337449,1.56660316384629,3220,0.45371219710836,0.580356901470898,542919,76.4996808515135,97.8530399346828,3627,15340,174894,18320,100890,25607,116591,13077,33200,26541,6266,8566,0.511060291587584,2.1614736346715,24.6433357146178,2.5813687736103,14.2158458280318,3.60813920228378,16.4281859543667,1.84260695701429,4.67802638012346,3.73974392032701,0.882907027043783,1.20698716783547,0.67,2.83,32.21,3.37,18.58,4.72,21.47,2.41,6.12,4.89,1.15,1.58,"6,1","6,3",433090,21970,14.29,10.4,452625,210260,252205
30,Gard,555038,132723,23.9124168074979,422315,76.0875831925021,5840,1.05218021108465,1.38285403075903,2496,0.449698939532068,0.59102802410523,413979,74.5857040418854,98.0261179451357,1768,12123,88278,15162,121480,38479,88827,6585,14974,15460,2706,8137,0.318536748835215,2.18417477722246,15.9048569647484,2.73170485624408,21.8867897333156,6.93267848327502,16.0037691113041,1.18640525513568,2.69783330150368,2.78539487386449,0.487534186848468,1.46602574958832,0.43,2.93,21.32,3.66,29.34,9.29,21.46,1.59,3.62,3.73,0.65,1.97,"10,0","10,0",338732,20240,14.63,19.6,368983,171659,207795
31,Haute-Garonne,930321,183366,19.7099710745001,746955,80.2900289254999,10129,1.08876398576405,1.35603885106867,5847,0.628492746052169,0.782778079000743,730979,78.5727721936837,97.8611830699306,3006,16307,196712,35479,133254,50613,188867,19658,42599,27153,4888,12443,0.323114279909838,1.75283584913164,21.1445296838403,3.81362991913544,14.3234431986379,5.44038025584718,20.3012723565307,2.11303410328263,4.57895715564843,2.91867000744904,0.525410046639816,1.33749533763077,0.41,2.23,26.91,4.85,18.23,6.92,25.84,2.69,5.83,3.71,0.67,1.7,"7,5","7,6",654629,23380,17.17,13.2,724685,231941,443413
32,Gers,147278,28267,19.1929548201361,119011,80.8070451798639,1762,1.19637691983867,1.48053541269294,850,0.577139830796181,0.714219693977868,116399,79.0335284292291,97.8052448933292,529,3128,28970,11720,26015,8396,21353,3861,4090,5126,793,2418,0.359184671166094,2.12387457732995,19.6702834096063,7.957739784625,17.6638737625443,5.70078355219381,14.4984315376363,2.62157280788713,2.77706106818398,3.48049267371909,0.538437512731026,1.64179307160608,0.45,2.69,24.89,10.07,22.35,7.21,18.34,3.32,3.51,4.4,0.68,2.08,"5,7","5,8",89063,20950,14.12,14.7,93449,52594,45334
33,Gironde,1158548,249014,21.4936282311997,909534,78.5063717688003,12367,1.06745685116197,1.35970727867238,5147,0.444262991261476,0.56589418317512,892020,76.9946519263768,98.0743985381525,3679,21522,256179,37725,191542,58321,194775,19598,46677,37575,8734,15693,0.317552660744311,1.85767011811336,22.1120747694528,3.25623107544961,16.5329360544406,5.03397356000787,16.8119922523711,1.69160017539196,4.028922409775,3.24328383459296,0.753874677613703,1.35454033842361,0.41,2.41,28.72,4.23,21.47,6.54,21.84,2.2,5.23,4.21,0.98,1.76,"6,7","6,6",753105,22640,15.93,12.6,827498,311369,484882
34,Hérault,847365,195766,23.1029131484071,651599,76.8970868515929,8867,1.04642037374685,1.36080626274749,4004,0.472523646834599,0.614488358637751,638728,75.3781428310114,98.0247053786148,2580,14165,142306,22068,165734,57751,154819,12150,28057,23230,4393,11475,0.304473278929387,1.67165271164138,16.7939435780331,2.60430865093555,19.55874977135,6.81536291916706,18.2706389808406,1.43385672053956,3.31108790190768,2.74143963935258,0.518430664471627,1.35419801384291,0.4,2.22,22.28,3.45,25.95,9.04,24.24,1.9,4.39,3.64,0.69,1.8,"10,2","10,2",551782,20640,15.02,19.0,575406,252707,347510
35,Ille-et-Vilaine,771636,161427,20.9200970405735,610209,79.0799029594265,9511,1.23257598142129,1.55864629987431,3866,0.501013431203313,0.633553421860379,596832,77.3463135468019,97.8078002782653,3783,12696,205882,13985,101797,27463,132510,13973,42613,26194,5376,10560,0.490257064211623,1.64533536537953,26.6812331202795,1.81238304070831,13.1923601283507,3.55906152641919,17.1726046996252,1.81082790331192,5.52242248936027,3.39460574675106,0.696701553582259,1.36852090882229,0.63,2.13,34.5,2.34,17.06,4.6,22.2,2.34,7.14,4.39,0.9,1.77,"5,2","5,3",484150,22460,15.22,10.3,538230,193521,347747
36,Indre,166100,41406,24.9283564118001,124694,75.0716435881999,2451,1.47561709813365,1.9656118177298,1246,0.750150511739916,0.999246154586428,120997,72.8458759783263,97.0351420276838,1085,3702,31498,4984,34516,7438,20954,2464,3726,6589,1155,2886,0.653220951234196,2.22877784467188,18.9632751354606,3.00060204695966,20.7802528597231,4.47802528597231,12.6152919927754,1.48344370860927,2.24322697170379,3.96688741721854,0.695364238410596,1.737507525587,0.9,3.06,26.03,4.12,28.53,6.15,17.32,2.04,3.08,5.45,0.95,2.39,"7,0","7,3",105404,20370,13.27,14.5,105572,60975,52769
37,Indre-et-Loire,440502,105536,23.9581205079659,334966,76.0418794920341,5437,1.23427362418332,1.62314981221975,2039,0.462880985784401,0.60871849680266,327490,74.3447248820664,97.7681316909776,2243,7835,101503,8520,70553,19931,68012,6216,16245,16279,2882,7271,0.509191785735366,1.77865253733241,23.0425741540334,1.93415693912854,16.0164993575512,4.52461055795433,15.4396574816913,1.41111731615293,3.68783796668347,3.69555643334196,0.654253556170006,1.6506167962915,0.68,2.39,30.99,2.6,21.54,6.09,20.77,1.9,4.96,4.97,0.88,2.22,"6,3","6,6",283871,22000,15.18,12.6,299497,131308,179274
38,Isère,885440,198676,22.4381098662812,686764,77.5618901337188,10990,1.24119082038309,1.60025860412019,3478,0.392799060354174,0.506433068710649,672296,75.9279002529816,97.8933083271692,3479,14694,180533,17025,154799,47450,153474,12736,40378,28575,4826,14327,0.392911998554391,1.65951391398627,20.389072099747,1.92277285869172,17.4827204553668,5.35891760028912,17.3330773400795,1.43838091796169,4.56021864835562,3.22720907119624,0.545039754246476,1.61806559450669,0.52,2.19,26.85,2.53,23.03,7.06,22.83,1.89,6.01,4.25,0.72,2.13,"5,9","6,0",553122,23030,16.52,11.5,638409,232425,400331
39,Jura,190597,41634,21.8439954458884,148963,78.1560045541116,2625,1.37725147824992,1.76218255539966,1111,0.582905292318347,0.745822788209153,145227,76.1958477835433,97.4919946563912,1053,3166,36139,6218,38179,9657,28882,2635,6388,7424,1343,4143,0.552474592989397,1.66109644957686,18.9609490180853,3.26238083495543,20.0312701668966,5.06671143827028,15.1534389313578,1.38249815054802,3.35157426402304,3.89512951410568,0.70462808963415,2.17369633310073,0.73,2.18,24.88,4.28,26.29,6.65,19.89,1.81,4.4,5.11,0.92,2.85,"4,9","5,1",119974,21880,14.07,11.4,128533,60712,69954
40,Landes,329337,65654,19.9352031505722,263683,80.0647968494278,4033,1.22458150769576,1.52948805952602,1600,0.485824550536381,0.606789212804769,258050,78.3543907911957,97.8637227276692,1115,8176,69459,24308,58646,16817,44548,9071,8628,10393,1975,4914,0.33855898365504,2.48256345324091,21.0905546598165,7.38088948402396,17.8072916192229,5.10631966648145,13.5265700483092,2.75432156119719,2.61980888876743,3.15573409607788,0.599689679568345,1.49208865083486,0.43,3.17,26.92,9.42,22.73,6.52,17.26,3.52,3.34,4.03,0.77,1.9,"6,9","6,9",191040,21620,13.85,11.5,207303,103874,102513
41,Loir-et-Cher,244718,59350,24.2524048088003,185368,75.7475951911997,3181,1.29986351637395,1.7160459194683,1377,0.562688482253042,0.742846661775495,180810,73.8850431925727,97.5411074187562,1246,4507,50480,5483,50212,12703,30377,3165,7097,9586,1527,4427,0.509157479220981,1.84171168446947,20.6278246798356,2.24053808873887,20.5183108721059,5.19087275966623,12.4130631992743,1.29332537859904,2.90007273678275,3.91716179439191,0.623983523892807,1.80902099559493,0.69,2.49,27.92,3.03,27.77,7.03,16.8,1.75,3.93,5.3,0.84,2.45,"6,0","6,1",150114,21530,14.28,12.5,160535,81639,87296
42,Loire,513794,118592,23.0816241528706,395202,76.9183758471294,6664,1.29701787097553,1.68622628427994,2600,0.506039385434629,0.657891407432149,385938,75.1153185907192,97.6558823082879,2390,9017,104003,11928,97764,28706,78169,6970,16656,18539,2767,9029,0.46516697353414,1.75498351479387,20.2421593089838,2.32155299594779,19.0278594144735,5.58706407626403,15.2140741230921,1.35657481403053,3.24176615530738,3.60825544868177,0.538542684422161,1.75731908118818,0.62,2.34,26.95,3.09,25.33,7.44,20.25,1.81,4.32,4.8,0.72,2.34,"7,0","7,3",343335,20930,14.57,15.1,366406,170784,228444
43,Haute-Loire,180706,37000,20.4752470864277,143706,79.5247529135723,2837,1.56995340497825,1.9741694849206,1214,0.671809458457384,0.844780315366095,139655,77.2829900501367,97.1810501997133,1020,3493,32417,7817,38629,9529,24332,2491,5796,9560,1205,3366,0.564452757517736,1.93297400197005,17.9390833729926,4.32581098580014,21.3767113432869,5.27320620233971,13.46496519208,1.37848217546733,3.20741978683608,5.2903611390878,0.666828992949874,1.86269409980853,0.73,2.5,23.21,5.6,27.66,6.82,17.42,1.78,4.15,6.85,0.86,2.41,"5,6","5,8",102943,21000,13.45,11.9,112577,54694,60299
44,Loire-Atlantique,1056693,236339,22.3659094931073,820354,77.6340905068927,13373,1.26555205722003,1.63014991089213,4559,0.431440352117408,0.555735694590384,802422,75.9370980975553,97.8141143945175,4712,18322,256609,18298,135702,42761,187977,18369,60072,37541,7280,14779,0.445919486549073,1.73390000690835,24.284158218139,1.73162877013475,12.8421405270973,4.04668148648661,17.789178124583,1.73834784558997,5.68490564430729,3.55268748822979,0.688941821323696,1.39860867820644,0.59,2.28,31.98,2.28,16.91,5.33,23.43,2.29,7.49,4.68,0.91,1.84,"5,7","5,8",641172,22910,15.78,10.1,722017,259221,448034
45,Loiret,457550,114468,25.0175937056059,343082,74.9824062943941,5512,1.20467708447164,1.60661299630992,2148,0.469456889957382,0.626089389708583,335422,73.308272319965,97.7672976139815,1959,7530,97004,8483,85832,22878,63486,5656,14401,18086,2433,7674,0.428149928969512,1.64572177904054,21.2007430881871,1.85400502677303,18.7590427275708,5.00010927767457,13.8752048956398,1.23614905474812,3.14741558299639,3.95279204458529,0.5317451644629,1.67719374931701,0.58,2.24,28.92,2.53,25.59,6.82,18.93,1.69,4.29,5.39,0.73,2.29,"7,0","7,4",300347,22050,15.27,13.3,337069,135865,207500
46,Lot,139278,27164,19.5034391648358,112114,80.4965608351642,1767,1.26868565028217,1.57607435289081,957,0.687114978675742,0.853595447490947,109390,78.5407602062063,97.5703301996183,618,3559,27311,8032,21422,6123,25932,2766,4603,5648,976,2400,0.4437168827812,2.55532101265096,19.6089834719051,5.76688349918867,15.3807492927813,4.39624348425451,18.6188773532073,1.98595614526343,3.30490098938813,4.05519895460877,0.700756759861572,1.72317236031534,0.56,3.25,24.97,7.34,19.58,5.6,23.71,2.53,4.21,5.16,0.89,2.19,"7,2","7,4",84516,20940,13.57,14.8,83943,51507,38644
47,Lot-et-Garonne,241304,52907,21.9254550276829,188397,78.0745449723171,2793,1.1574611278719,1.48250768324336,1502,0.622451347677618,0.797252610179568,184102,76.2946324967676,97.7202397065771,889,4970,42568,13600,50290,15646,34044,3357,5686,7703,1437,3912,0.368414945462984,2.05964260849385,17.6408182209992,5.63604416006366,20.8409309418824,6.48393727414382,14.108344660677,1.39119119450983,2.35636375692073,3.19223883565958,0.595514371912608,1.62119152604184,0.48,2.7,23.12,7.39,27.32,8.5,18.49,1.82,3.09,4.18,0.78,2.12,"7,5","7,4",153387,20110,13.41,16.8,159660,86754,84856
48,Lozère,59812,11680,19.5278539423527,48132,80.4721460576473,741,1.23888182973316,1.53951633009225,395,0.660402594797031,0.820659852073465,46996,78.5728616331171,97.6398238178343,235,1343,10739,4722,10497,3148,9153,1045,1736,3039,426,913,0.392897746271651,2.2453688223099,17.9545910519628,7.89473684210526,17.5499899685682,5.26315789473684,15.302949240955,1.74714104193139,2.90242760650037,5.08092021667893,0.712231659198823,1.52644954189795,0.5,2.86,22.85,10.05,22.34,6.7,19.48,2.22,3.69,6.47,0.91,1.94,"4,7","4,6",35342,20550,12.69,14.7,37905,19359,19340
49,Maine-et-Loire,589263,136866,23.2266407359702,452397,76.7733592640298,8072,1.36984674075922,1.7842735473489,2983,0.506225573300886,0.659376609482379,441342,74.8972869499697,97.5563498431687,3071,8362,157063,11036,89433,21704,80616,8801,26635,21538,3663,9420,0.521159482268529,1.41906075894804,26.6541425475552,1.87284794735118,15.1770940988998,3.68324500265586,13.6808182424486,1.49356060027526,4.52005301537684,3.65507421983053,0.621623960778125,1.59860707358175,0.7,1.89,35.59,2.5,20.26,4.92,18.27,1.99,6.04,4.88,0.83,2.13,"6,3","6,5",360982,21300,14.15,11.4,397270,161292,259711
50,Manche,384613,93460,24.2997506584541,291153,75.7002493415459,4747,1.23422765221144,1.63041424955264,1948,0.506483140195469,0.669064031625983,284458,73.959538549139,97.7005217188214,2249,7368,92642,9421,69770,13990,46940,5853,11873,14746,2720,6886,0.584743625410477,1.91569187728964,24.0870693398299,2.44947518674616,18.1403124699373,3.63742255201982,12.2044756677491,1.5217894350945,3.08699913939466,3.83398377069938,0.707204384667185,1.79037110030082,0.79,2.59,32.57,3.31,24.53,4.92,16.5,2.06,4.17,5.18,0.96,2.42,"5,0","5,2",229482,21250,14.14,11.4,243208,121972,129865
51,Marne,380644,101010,26.5366063828669,279634,73.4633936171331,3826,1.00513865974506,1.36821702654184,1702,0.447136957366989,0.608652738937325,274106,72.011118000021,98.0231302345208,1778,5307,78472,6921,83756,19501,42858,3542,9561,14357,1894,6159,0.46710311997562,1.39421611794748,20.615588318744,1.818234360715,22.0037620453757,5.12315969777535,11.2593394352729,0.930528262628598,2.51179579869905,3.77176574437007,0.497577789220374,1.61804730929688,0.65,1.94,28.63,2.52,30.56,7.11,15.64,1.29,3.49,5.24,0.69,2.25,"7,1","7,2",261398,21750,15.1,14.5,282612,109704,174540
52,Haute-Marne,129389,33273,25.715478131835,96116,74.284521868165,1489,1.15079334410189,1.54916975321487,819,0.632974982417362,0.852095384743435,93808,72.5007535416457,97.5987348620417,696,1833,21886,3327,34331,6450,13228,1305,2580,4841,747,2584,0.537912805570798,1.41665829398171,16.9148845728771,2.57131595421558,26.5331674253607,4.98496781024662,10.2234347587507,1.00858651044525,1.99398712409865,3.74143087897735,0.577328830116934,1.99707857700423,0.74,1.95,23.33,3.55,36.6,6.88,14.1,1.39,2.75,5.16,0.8,2.75,"6,1","6,4",80817,20420,13.36,14.8,85754,42547,44211
53,Mayenne,224722,52812,23.5010368366248,171910,76.4989631633752,3483,1.54991500609642,2.02606014775173,1519,0.675946280292984,0.883601884707114,166908,74.2731018769858,97.0903379675412,1273,3313,60755,4673,37376,8042,25608,3468,7934,9236,1372,3858,0.566477692437768,1.47426598196883,27.0356262404215,2.07945817498954,16.6321054458397,3.57864383549452,11.3954129991723,1.54324009220281,3.53058445546052,4.10996698142594,0.610532124135599,1.71678785343669,0.76,1.98,36.4,2.8,22.39,4.82,15.34,2.08,4.75,5.53,0.82,2.31,"4,8","5,1",135257,21000,13.76,11.3,148540,67474,91048
54,Meurthe-et-Moselle,492057,130919,26.6064703885932,361138,73.3935296114068,5092,1.0348394596561,1.40998731786741,2246,0.456451183501098,0.621922921431696,353800,71.9022389682496,97.9680897607009,2373,7961,95252,8739,97243,23518,73892,6362,14588,13387,3214,7271,0.482261201446174,1.61790199102949,19.3579199157821,1.77601375450405,19.7625478349053,4.77952757505736,15.0169594173033,1.29293963910685,2.96469717939182,2.72061976559626,0.65317635964939,1.47767433447751,0.67,2.25,26.92,2.47,27.49,6.65,20.89,1.8,4.12,3.78,0.91,2.06,"7,1","7,1",336776,21790,14.8,15.0,367610,141078,225072
55,Meuse,134805,34092,25.2898631356404,100713,74.7101368643596,1509,1.11939468120619,1.49831699979149,691,0.51259226289826,0.686108049606307,98513,73.0781499202552,97.8155749506022,702,1957,24539,3500,34588,7347,13559,1483,3130,4403,883,2422,0.520752197618783,1.45172656800564,18.2033307369905,2.59634286562071,25.6578020103112,5.45009458106153,10.0582322614146,1.10010756277586,2.32187233411224,3.26619932495085,0.655020214383739,1.79666926300953,0.71,1.99,24.91,3.55,35.11,7.46,13.76,1.51,3.18,4.47,0.9,2.46,"7,2","7,3",82941,20830,13.71,14.4,92715,41437,49931
56,Morbihan,608972,130520,21.4328409187943,478452,78.5671590812057,7959,1.30695664168468,1.66348975445813,3119,0.512174615581669,0.651894024896959,467374,76.7480278239394,97.6846162206449,2952,11529,152740,14399,102856,26595,84200,8267,27036,22838,4376,9586,0.484751351457867,1.89319049151685,25.0816129477217,2.36447652765644,16.8901033216634,4.36719586450609,13.8265798755936,1.35753367970941,4.43961298713241,3.75025452730175,0.718588046741065,1.57412820293872,0.63,2.47,32.68,3.08,22.01,5.69,18.02,1.77,5.78,4.89,0.94,2.05,"5,9","5,8",353880,21830,14.18,11.0,373357,183883,202444
57,Moselle,745914,210299,28.193464662146,535615,71.806535337854,7943,1.06486806790059,1.48296817676876,3353,0.449515627806959,0.626009353733559,524319,70.2921516421464,97.8910224694977,3499,8750,136366,14163,159254,39369,100159,7534,18931,19300,4343,12651,0.469088929823009,1.17305748383862,18.2817322104157,1.8987443592693,21.3501824607126,5.27795429499916,13.4276873741477,1.01003600951316,2.53796014017702,2.5874296500669,0.582238703121271,1.69604002606199,0.67,1.67,26.01,2.7,30.37,7.51,19.1,1.44,3.61,3.68,0.83,2.41,"7,3","7,4",463372,21820,14.6,15.6,553139,204225,289178
58,Nièvre,154186,38850,25.1968401800423,115336,74.8031598199577,1957,1.26924623506674,1.69678157730457,938,0.608356141283904,0.813275993618645,112441,72.9255574436071,97.4899424290768,833,4281,28686,4106,32838,7378,19930,2160,3552,5172,1010,2495,0.540256573229736,2.77651667466566,18.6048019923988,2.66301739457538,21.297653483455,4.78512964860623,12.925946583996,1.40090539997146,2.30371110217529,3.35439015215389,0.655052987949619,1.61817545043,0.74,3.81,25.51,3.65,29.2,6.56,17.72,1.92,3.16,4.6,0.9,2.22,"6,4","6,7",100314,20510,13.47,15.5,97022,59591,47839
59,Nord,1813906,514033,28.338458552979,1299873,71.661541447021,17416,0.960137956432141,1.33982319811243,7676,0.42317518107333,0.590519227647624,1274781,70.2782283095155,98.0696575742399,7673,45902,336138,22459,373127,73168,279785,18215,46962,42470,8265,20617,0.423009792128148,2.53056112058728,18.5311697519056,1.23815677328373,20.570360316356,4.03372611370159,15.4244486759512,1.00418654549905,2.58899854788506,2.34135616729864,0.455646543977472,1.13660796094175,0.6,3.6,26.37,1.76,29.27,5.74,21.95,1.43,3.68,3.33,0.65,1.62,"9,3","9,4",1116712,20290,15.31,18.9,1305836,439878,862632
60,Oise,564121,142081,25.1862632307608,422040,74.8137367692392,6324,1.12103608977507,1.49843616718794,4002,0.709422269335834,0.948251350582883,411714,72.9832784101283,97.5533124822292,2859,9054,100043,9179,132873,30333,79446,4251,13785,17450,3048,9393,0.506806163925824,1.60497481923204,17.7343158648588,1.62713318596542,23.5539893037132,5.37703790498847,14.0831488279997,0.753561735868723,2.44362468335694,3.09330799597959,0.540309614426692,1.66506830981297,0.69,2.2,24.3,2.23,32.27,7.37,19.3,1.03,3.35,4.24,0.74,2.28,"7,3","7,6",341929,22250,16.13,12.9,428936,139479,261003
61,Orne,205538,50935,24.7813056466444,154603,75.2186943533556,2586,1.2581615078477,1.67267129357128,1067,0.519125417197793,0.690154783542363,150950,73.4414074283101,97.6371739228864,1203,3261,46005,4895,41804,8910,22993,2368,5513,8838,1334,3826,0.585293230448871,1.58656793391003,22.3827224162929,2.38155474900018,20.3388181260886,4.33496482402281,11.1867391917796,1.15209839543053,2.6822290768617,4.29993480524283,0.649028403506894,1.86145627572517,0.8,2.16,30.48,3.24,27.69,5.9,15.23,1.57,3.65,5.85,0.88,2.53,"6,5","6,8",129193,20350,13.26,15.1,133734,72177,74031
62,Pas-de-Calais,1093723,286319,26.1783833749496,807404,73.8216166250504,10601,0.969258212545589,1.31297343089705,6150,0.562299595052861,0.761700462222134,790653,72.290058817452,97.9253261068808,5887,26146,194610,17010,305816,40764,124741,11619,19295,25307,5488,13970,0.53825328716686,2.3905504410166,17.7933535273556,1.5552383921706,27.9610102375099,3.7270862915016,11.4051729734128,1.06233479592182,1.76415783521056,2.31383997593541,0.501772386609772,1.2772886736404,0.74,3.31,24.61,2.15,38.68,5.16,15.78,1.47,2.44,3.2,0.69,1.77,"8,2","8,6",619227,19560,13.92,18.4,736902,273124,455252
63,Puy-de-Dôme,468103,100869,21.5484626246788,367234,78.4515373753213,6938,1.48215243226384,1.88925861984457,2709,0.578718786250035,0.737676794632305,357587,76.3906661568074,97.3730645855231,2556,12713,100134,16136,78182,20624,74534,8216,17029,17352,3189,6922,0.546033672076445,2.71585527116895,21.3914458997272,3.44710459022907,16.7018797145073,4.40586793932105,15.9225640510742,1.75516926830206,3.63787457034029,3.70687647804009,0.681260320912278,1.47873438110843,0.71,3.56,28.0,4.51,21.86,5.77,20.84,2.3,4.76,4.85,0.89,1.94,"6,2","6,5",311902,22100,15.3,13.1,330217,142423,189511
64,Pyrénées-Atlantiques,519929,110134,21.1825076116162,409795,78.8174923883838,5816,1.11861427233334,1.41924620847009,2489,0.478719209738253,0.607376859161288,401490,77.2201589063122,97.9733769323686,1677,10170,111610,48246,69768,25877,76030,9276,19967,17166,4982,6721,0.322544039666955,1.95603630495702,21.4663925266719,9.27934391041854,13.4187552531211,4.97702570927954,14.6231504686217,1.78408975071596,3.84033204533696,3.3016046421723,0.958207755289664,1.29267650006059,0.42,2.53,27.8,12.02,17.38,6.45,18.94,2.31,4.97,4.28,1.24,1.67,"5,7","5,8",323663,22110,15.18,12.1,342579,163770,176271
65,Hautes-Pyrénées,177443,39595,22.3142079428323,137848,77.6857920571677,2064,1.16319043298411,1.49730137542801,896,0.504950885636514,0.649991294759445,134888,76.017650738547,97.8527073298126,636,4539,33692,14761,29938,8714,26449,3315,4872,4560,1003,2409,0.358424959000919,2.55800454230373,18.987505846948,8.3187277041078,16.8718968908326,4.91087278731762,14.9056316676341,1.86820556460384,2.74567044064855,2.56983932868583,0.565251940059625,1.35761906640442,0.47,3.37,24.98,10.94,22.19,6.46,19.61,2.46,3.61,3.38,0.74,1.79,"7,9","8,1",109681,20720,13.4,14.7,111820,61243,56504
66,Pyrénées-Orientales,362076,87704,24.222538914482,274372,75.777461085518,3528,0.974381069167799,1.28584549443821,2276,0.628597311061766,0.829530710130771,268568,74.1744827052884,97.884623795431,1312,6509,55169,11690,87930,24782,51556,5013,8588,8815,1995,5209,0.362354864724533,1.79768888299694,15.2368563506004,3.22860393950441,24.2849567494117,6.84441940366111,14.2389995470564,1.38451595797567,2.37187772732796,2.43457174736796,0.550989295065124,1.43864823959611,0.49,2.42,20.54,4.35,32.74,9.23,19.2,1.87,3.2,3.28,0.74,1.94,"11,7","11,6",226760,19610,13.48,20.7,229304,124773,125902
67,Bas-Rhin,778712,190224,24.428029874973,588488,75.571970125027,8335,1.0703572052312,1.41634153967456,3434,0.440984600211632,0.58352931580593,576719,74.0606283195841,98.0001291445195,3687,7015,177069,14652,145883,40458,105055,8348,28573,24812,4158,17009,0.473474147053082,0.900846526058414,22.7387018563988,1.88156853881795,18.7338836437605,5.19550231664595,13.4908669700737,1.07202662858669,3.6692641181849,3.18628709972365,0.533958639394282,2.18424783488633,0.64,1.22,30.7,2.54,25.3,7.02,18.22,1.45,4.95,4.3,0.72,2.95,"6,1","6,3",504685,22860,15.58,13.2,595338,207308,337411
68,Haut-Rhin,531738,137861,25.9264901135522,393877,74.0735098864478,6382,1.20021514354814,1.62030278487954,2386,0.448717225400479,0.60577286817966,385109,72.4245775174992,97.7739243469408,2265,4649,107248,11063,106937,30284,66238,4881,18963,15994,2842,13745,0.425961657808921,0.874302758125242,20.1693315128879,2.08053590301991,20.1108440623014,5.69528602432025,12.4568866622284,0.917933267887569,3.56622998544396,3.00787229801143,0.5344737445885,2.58491964087577,0.59,1.21,27.85,2.87,27.77,7.86,17.2,1.27,4.92,4.15,0.74,3.57,"7,0","7,0",335574,23300,15.0,13.0,400434,150185,216467
69,Rhône,1181226,255580,21.6368417220752,925646,78.3631582779248,12708,1.07583138197094,1.37287904879403,3925,0.332281883399112,0.424028192203067,909013,76.9550450125548,98.2030927590029,3774,15938,278243,17572,150463,74168,229036,15895,51907,50263,5267,16487,0.319498554891274,1.34927609111212,23.5554415497119,1.48760694397177,12.7378672667212,6.27890005807525,19.3896849544456,1.34563580551055,4.39433266792299,4.25515523701646,0.445892657289968,1.39575322588565,0.42,1.75,30.61,1.93,16.55,8.16,25.2,1.75,5.71,5.53,0.58,1.81,"6,5","6,5",838931,23190,17.52,14.2,936647,318166,620935
70,Haute-Saône,177715,39039,21.9671946656163,138676,78.0328053343837,2364,1.33021973384351,1.70469295335891,1573,0.885125059786737,1.13429865297528,134739,75.8174605407535,97.1610083936658,1171,2836,30204,4820,46618,9675,21089,2345,4292,6754,1295,3640,0.658920181188982,1.59581352164983,16.9957516247925,2.71220774836114,26.2318881354979,5.44410995132656,11.8667529471345,1.3195284584869,2.41510283318797,3.80046703992347,0.728694820358439,2.04822327884534,0.87,2.1,22.42,3.58,34.6,7.18,15.65,1.74,3.19,5.01,0.96,2.7,"6,4","6,5",106544,20840,13.74,12.9,118124,53468,63721
71,Saône-et-Loire,402992,95369,23.6652340493112,307623,76.3347659506889,5923,1.4697562234486,1.92540869830929,2400,0.595545320998928,0.780175734584215,299300,74.2694644062413,97.2944155671065,1979,7419,82633,10186,81970,20686,52336,6037,10730,15210,2369,7745,0.491076745940366,1.84097947353794,20.5048735458768,2.52759359987295,20.3403541509509,5.13310437924326,12.9868582999166,1.49804462619605,2.66258387263271,3.77426847183071,0.587852860602692,1.92187437964029,0.66,2.48,27.61,3.4,27.39,6.91,17.49,2.02,3.59,5.08,0.79,2.59,"6,2","6,4",256502,21000,14.17,12.9,268555,141239,141699
72,Sarthe,411308,105454,25.6386941173038,305854,74.3613058826962,6694,1.62749083411944,2.18862594571266,2098,0.510080037344277,0.685948197506,297062,72.2237350112325,97.1254258567813,2150,6908,83876,7546,82234,16218,54244,5409,13541,15937,2505,6494,0.522722631215537,1.67951997043578,20.3925039143416,1.83463487216393,19.993289700176,3.94303052700166,13.1881704221654,1.3150728894162,3.29218006943702,3.87471189473582,0.609032647067404,1.57886547307614,0.72,2.33,28.24,2.54,27.68,5.46,18.26,1.82,4.56,5.36,0.84,2.19,"7,1","7,4",252699,21210,14.25,13.2,275466,123562,167384
73,Savoie,320709,68929,21.49269275262,251780,78.50730724738,3931,1.225721760225,1.56128366033839,1491,0.464907439454459,0.592183652394948,246358,76.8166780477006,97.8465326872667,1205,5536,64689,8081,56733,18045,49858,4418,15642,13608,1849,6694,0.37573002316742,1.72617544253513,20.1706219657072,2.51972972383064,17.6898683853587,5.62659607307559,15.5461804938433,1.37757281523125,4.87731869077575,4.24309888403506,0.576535114387186,2.08725043575328,0.49,2.25,26.26,3.28,23.03,7.32,20.24,1.79,6.35,5.52,0.75,2.72,"5,4","5,2",199957,23210,15.62,10.1,224016,89666,122752
74,Haute-Savoie,565665,129384,22.8729018058391,436281,77.1270981941609,6918,1.22298533584365,1.58567528725752,2224,0.393165566192004,0.509763203073249,427139,75.5109472921252,97.9045615096692,1880,5997,130422,13371,87744,33353,78062,6606,29948,22349,3232,14175,0.332352187248637,1.06016812070749,23.0564026411392,2.36376654026677,15.5116544244385,5.8962460113318,13.800040660108,1.16782901540665,5.29429962963945,3.95092501745733,0.571362909142337,2.50590013523905,0.44,1.4,30.53,3.13,20.54,7.81,18.28,1.55,7.01,5.23,0.76,3.32,"5,7","5,5",366281,26540,15.68,9.4,443607,139155,243332
75,Paris,1368025,296668,21.6858610040021,1071357,78.3141389959979,11028,0.806125619049359,1.0293487604972,5267,0.385007583925732,0.491619506849724,1055062,77.1230057930228,98.4790317326531,2891,17267,372820,12139,58429,86088,317372,22901,80268,69564,5732,9591,0.211326547394967,1.26218453610131,27.2524259425084,0.887337585204949,4.27104767822225,6.29286745490762,23.1992836388224,1.67401911514775,5.86743663310247,5.08499479176185,0.418998190822536,0.701083679026334,0.27,1.64,35.34,1.15,5.54,8.16,30.08,2.17,7.61,6.59,0.54,0.91,"5,8","5,7",1137759,28570,26.9,15.0,1216915,367180,581328
76,Seine-Maritime,879252,222147,25.2654529076988,657105,74.7345470923012,10982,1.24901620923239,1.67127019273936,3158,0.359168929954097,0.480592903721627,642965,73.1263619531147,97.848136903539,4433,19896,179698,13588,177806,33361,136136,11139,24785,24281,5477,12365,0.504178551769004,2.26283249853284,20.4375992320745,1.54540450291839,20.2224163266049,3.79424783793497,15.4831606865836,1.26687229599705,2.81887331504506,2.7615518645394,0.62291584210215,1.4063089990128,0.69,3.09,27.95,2.11,27.65,5.19,21.17,1.73,3.85,3.78,0.85,1.92,"7,9","8,2",570684,21300,15.34,14.8,624143,248627,382863
77,Seine-et-Marne,899303,223172,24.8161075855412,676131,75.1838924144588,11057,1.22950774099497,1.63533398113679,4145,0.460912506685733,0.613046879968527,660929,73.493472166778,97.7516191388947,3440,12843,165208,13797,155738,47893,170969,7853,26718,36828,4600,15042,0.382518461519644,1.42810598874906,18.3706715089353,1.53418814348445,17.3176337674844,5.32556880161636,19.0112787347535,0.87323182509121,2.97096751595402,4.09517148280391,0.511507245055337,1.67262869133095,0.52,1.94,25.0,2.09,23.56,7.25,25.87,1.19,4.04,5.57,0.7,2.28,"6,7","6,8",564817,23590,16.89,11.7,740566,205946,474684
78,Yvelines,961245,211708,22.0243538327898,749537,77.9756461672102,9601,0.998808836456887,1.28092409047185,3430,0.356828904181556,0.457615834842042,736506,76.6200084265718,98.2614600746861,2774,11721,246062,13687,101398,64407,168585,9046,40470,61296,3963,13097,0.288584075859952,1.21935614749622,25.5982605891318,1.42388256896005,10.5486114362103,6.70037295382551,17.5381926563987,0.941071214934798,4.2101649423404,6.37673017805034,0.412277827192859,1.3625038361708,0.38,1.59,33.41,1.86,13.77,8.74,22.89,1.23,5.49,8.32,0.54,1.78,"6,4","6,5",590685,26970,22.91,9.9,742990,237197,468020
79,Deux-Sèvres,273214,59403,21.7422972468468,213811,78.2577027531532,3839,1.40512565241898,1.79551098867692,2168,0.793517169691158,1.01397963622077,207804,76.0590599310431,97.1905093751023,1644,4538,68446,7014,47903,8803,39120,4340,10074,9257,2134,4531,0.601726119452151,1.66096905722254,25.0521569172883,2.56721837094732,17.533142518319,3.22201644132438,14.3184463460877,1.58849839320093,3.68721954219037,3.38818654973757,0.781072712232902,1.65840696303996,0.79,2.18,32.94,3.38,23.05,4.24,18.83,2.09,4.85,4.45,1.03,2.18,"5,2","5,4",168390,21080,14.41,12.2,185664,87191,102022
80,Somme,410056,102687,25.0421893595021,307369,74.9578106404979,4837,1.17959498214878,1.57367854272877,3614,0.881343036073122,1.17578545656849,298918,72.896872622276,97.2505360007027,2486,7706,83107,7371,98024,16885,52343,3746,8048,11380,2206,5616,0.606258657354117,1.87925551631972,20.2672317927307,1.79755935774626,23.9050276059855,4.11773026123261,12.7648418752561,0.913533761242367,1.96265875880368,2.77523070019705,0.537975300934507,1.36956903447334,0.83,2.58,27.8,2.47,32.79,5.65,17.51,1.25,2.69,3.81,0.74,1.88,"8,5","8,9",252610,20540,14.3,15.9,282851,112849,174859
81,Tarn,298178,62818,21.0672819590983,235360,78.9327180409017,3451,1.15736238085976,1.46626444595513,2067,0.693210095982936,0.878229095853161,229842,77.0821455640591,97.6555064581917,1175,5313,53925,17010,56543,15982,48430,5818,8680,10014,1829,5123,0.39405992393805,1.78182159649605,18.0848352326463,5.70464621803084,18.9628342801951,5.35988570585355,16.2419762692083,1.95118352125241,2.91101288492109,3.35839666239629,0.613392000751229,1.7181012683699,0.51,2.31,23.46,7.4,24.6,6.95,21.07,2.53,3.78,4.36,0.8,2.23,"7,8","7,9",178826,20650,14.18,15.1,189270,98004,102570
82,Tarn-et-Garonne,188706,39625,20.9982724449673,149081,79.0017275550327,2169,1.1494070140854,1.454913771708,1092,0.578677943467616,0.732487708024497,145820,77.2736425974797,97.8125985202675,679,3628,31737,9573,42183,11772,27881,3069,4835,5994,1057,3412,0.359818977668966,1.92256737994552,16.8182251756701,5.07297065276144,22.3538202282916,6.2382754125465,14.7748349284072,1.6263393850752,2.5621866819285,3.17636959079203,0.56013057348468,1.80810361090797,0.47,2.49,21.76,6.56,28.93,8.07,19.12,2.1,3.32,4.11,0.72,2.34,"8,7","8,6",112575,20380,13.97,16.4,129240,57517,73912
83,Var,820904,211212,25.7291961057566,609692,74.2708038942434,7803,0.950537456267724,1.2798265353654,3159,0.384819662226034,0.518130465874573,598730,72.9354467757497,98.20204299876,2098,10672,142335,17784,183287,79329,89272,5703,21044,28342,3578,15286,0.25557190609377,1.3000302105971,17.3388118464522,2.16639217253175,22.3274585091558,9.66361474666953,10.8748404198298,0.694721916326391,2.56351534405972,3.45253525381774,0.435860953290519,1.86209349692534,0.35,1.78,23.77,2.97,30.61,13.25,14.91,0.95,3.51,4.73,0.6,2.55,"7,5","7,4",501337,21830,14.85,15.3,524404,279956,272351
84,Vaucluse,411607,101650,24.6958870961864,309957,75.3041129038136,4350,1.05683333859725,1.40342047445291,1742,0.423219235824464,0.562013440574015,303865,73.8240603293919,98.0345660849731,1221,6247,66885,9843,89413,30473,63049,3769,12128,11918,2023,6896,0.296642185385574,1.51770985430277,16.2497236441557,2.39135874754317,21.7229055871256,7.40342122461474,15.3177667046479,0.915679276591506,2.9464999380477,2.8954803975637,0.491488239995918,1.67538452941762,0.4,2.06,22.01,3.24,29.43,10.03,20.75,1.24,3.99,3.92,0.67,2.27,"9,4","9,5",251069,20140,14.45,19.7,277764,124311,159394
85,Vendée,550963,120547,21.8793276499511,430416,78.1206723500489,7312,1.327130859967,1.69882160514479,3395,0.616193827897699,0.788771792870153,419709,76.1773476621842,97.5124066019851,2647,8153,149587,13039,97280,25663,60524,7244,19753,22534,3621,9664,0.480431535329959,1.47977268891014,27.1500990084634,2.36658359998766,17.6563580494516,4.65784453765498,10.9851296729544,1.31478883336994,3.58517722605692,4.08992981379875,0.657212916293835,1.75401977991263,0.63,1.94,35.64,3.11,23.18,6.11,14.42,1.73,4.71,5.37,0.86,2.3,"5,2","5,2",304996,21550,13.54,9.1,333443,166332,185667
86,Vienne,306011,68304,22.320766246965,237707,77.679233753035,4053,1.32446219253556,1.70504023861308,2002,0.654224848126375,0.842213313028224,231652,75.7005467123731,97.4527464483587,1715,6412,67831,7741,54214,11939,49162,4542,10727,9959,2315,5095,0.560437369898468,2.09534951357958,22.1661966399901,2.52964762704609,17.7163566015601,3.90149373715324,16.0654355562382,1.48426036972527,3.50542954338243,3.25445817307221,0.756508752953325,1.66497282777416,0.74,2.77,29.28,3.34,23.4,5.15,21.22,1.96,4.63,4.3,1.0,2.2,"5,8","5,9",205392,21140,14.01,14.1,211470,95867,131097
87,Haute-Vienne,263742,55484,21.0372257736728,208258,78.9627742263272,3787,1.4358729364303,1.81841753978239,2353,0.892159762191839,1.12984855323685,202118,76.6347415277051,97.0517339069808,1457,8030,54951,9973,45357,10796,43137,5654,7877,9544,1787,3555,0.552433817897794,3.04464211236739,20.8351343358282,3.78134692237111,17.1974884546261,4.09339430200726,16.3557567622904,2.14376170651622,2.98663087411182,3.61868796020353,0.677556096488235,1.34790818299702,0.72,3.97,27.19,4.93,22.44,5.34,21.34,2.8,3.9,4.72,0.88,1.76,"6,4","6,6",182385,21100,14.12,15.5,179857,91735,100767
88,Vosges,277913,68914,24.7969688355708,208999,75.2030311644292,3431,1.23455901667068,1.64163464896961,1874,0.674311745042513,0.896655007918698,203694,73.294160402716,97.4617103431117,1569,3847,51432,7203,65646,13184,32655,3114,7562,9344,1986,6152,0.564565169675402,1.38424614897468,18.5065110304304,2.59181830285017,23.621061267375,4.74393065455736,11.7500800610263,1.12049454325634,2.72099541942982,3.36220327944357,0.714612126816666,2.21364239888022,0.77,1.89,25.25,3.54,32.23,6.47,16.03,1.53,3.71,4.59,0.97,3.02,"7,4","7,6",169179,20420,13.87,15.2,181535,86825,96139
89,Yonne,237957,57549,24.1846215912959,180408,75.8153784087041,2715,1.14096244279429,1.50492217640016,1182,0.496728400509336,0.655181588399628,176511,74.1776875654005,97.8398962352002,1203,4023,42617,5356,55164,12941,31601,2286,5917,9322,1487,4594,0.505553524376253,1.69064158650513,17.9095382779242,2.25082683005753,23.1823396664103,5.43837752198927,13.2801304437356,0.960677769512979,2.48658371050232,3.91751450892388,0.624902818576465,1.93060090688654,0.68,2.28,24.14,3.03,31.25,7.33,17.9,1.3,3.35,5.28,0.84,2.6,"6,6","6,9",152951,20920,13.95,14.5,165190,81206,89311
90,Territoire de Belfort,93724,22238,23.7271136528531,71486,76.2728863471469,1242,1.32516751312364,1.73740312788518,590,0.629507916862276,0.825336429510673,69654,74.318210917161,97.4372604426041,560,1485,16768,2000,19061,5583,14601,1052,2798,3322,603,1821,0.597499039733686,1.58443941786522,17.8908283897401,2.13392514190602,20.3373735649353,5.95685203363066,15.5787204984849,1.12244462464257,2.98536127352652,3.5444496607059,0.643378430284666,1.94293884170543,0.8,2.13,24.07,2.87,27.37,8.02,20.96,1.51,4.02,4.77,0.87,2.61,"8,1","8,5",64621,22050,16.03,14.7,71429,27802,42087
91,Essonne,799500,192200,24.0400250156348,607300,75.9599749843652,8954,1.11994996873046,1.47439486250618,3405,0.425891181988743,0.560678412646139,594941,74.414133833646,97.9649267248477,2831,13480,164503,11610,105862,39284,167310,7944,29562,33046,4306,15203,0.354096310193871,1.68605378361476,20.5757348342714,1.45215759849906,13.2410256410256,4.91357098186367,20.9268292682927,0.993621013133208,3.69756097560976,4.13333333333333,0.538586616635397,1.90156347717323,0.48,2.27,27.65,1.95,17.79,6.6,28.12,1.34,4.97,5.55,0.72,2.56,"6,3","6,5",523349,24010,17.96,13.3,671286,196156,434217
92,Hauts-de-Seine,997667,208790,20.9278246148264,788877,79.0721753851736,11841,1.18686896529604,1.50099445160652,2294,0.229936441718529,0.290793114769476,774742,77.655369978159,98.208212433624,2306,13170,287494,11260,64812,62761,199640,10518,47103,62231,3704,9743,0.23113924786527,1.32007974604753,28.8166291959141,1.12863310102469,6.4963559985446,6.29077638129757,20.0106849279369,1.05425958761791,4.72131482749254,6.23765244314987,0.37126616396052,0.976578357307599,0.3,1.7,37.11,1.45,8.37,8.1,25.77,1.36,6.08,8.03,0.48,1.26,"6,0","6,0",724639,28310,25.98,11.9,876007,246113,502237
93,Seine-Saint-Denis,793929,239927,30.2202086080745,554002,69.7797913919255,7607,0.95814613145508,1.37309973610204,3244,0.408600769086404,0.585557452861181,543151,68.413044491384,98.0413428110368,2756,11642,110118,6805,64543,27969,266632,5890,19352,17481,3663,6300,0.347134315537032,1.46637797586434,13.8700060080939,0.857129541810414,8.12956826114174,3.52285909697215,33.583859513886,0.74187994140534,2.43749755960546,2.20183416905038,0.461376269162608,0.793521838854608,0.51,2.14,20.27,1.25,11.88,5.15,49.09,1.08,3.56,3.22,0.67,1.16,"10,2","10,3",638197,18070,14.94,27.9,866206,195768,582929
94,Val-de-Marne,796086,195409,24.5462173684753,600677,75.4537826315247,8501,1.06784945345101,1.41523647484422,3118,0.391666227015674,0.519080970305172,589058,73.9942669510581,98.0656825548506,2504,14954,171409,8944,69599,43430,192427,8276,31904,32522,3730,9359,0.314538881477629,1.87844026901616,21.5314677057504,1.12349670764214,8.74264840733288,5.45544074383923,24.1716347228817,1.03958617536296,4.00760721831561,4.08523702213078,0.468542343415159,1.17562675389342,0.43,2.54,29.1,1.52,11.82,7.37,32.67,1.4,5.42,5.52,0.63,1.59,"7,2","7,2",598392,23060,18.87,16.6,745313,208417,453393
95,Val-d'Oise,733529,192853,26.2911214144226,540676,73.7088785855774,8027,1.09429893023998,1.48462295348786,3064,0.417706730067932,0.566697985484838,529585,72.1968729252695,97.9486790610273,2392,10060,138166,9101,91081,37564,175666,6094,20710,26403,3352,8996,0.326094810157472,1.37145225342147,18.8357924499236,1.24071440938259,12.4168233294117,5.12099726118531,23.9480647663555,0.830778333235632,2.82333759128814,3.5994486925534,0.456968981458129,1.22640004689658,0.45,1.9,26.09,1.72,17.2,7.09,33.17,1.15,3.91,4.99,0.63,1.7,"8,1","8,2",478885,22220,17.11,17.0,647146,168435,434092
